solution;cost;instance;date;alpha;t0;tmin;cooling;seed;move;max_evaluations;max_time;initial_solution
21 25 26 40 44 32 14 29 49 35 46 45 27 9 36 31 28 7 43 4 30 24 38 47 23 11 18 19 2 33 50 6 1 13 12 37 16 41 3 22 15 20 10 39 42 34 5 17 48 8 0 21;1494;instances/eil51.tsp;2021-10-08 22:30:01.232951;0.98;1000.0;900.0;LINEAR;1633743001201;SWAP;1000;60.0;RANDOM
1 36 32 34 47 44 5 38 9 3 16 29 24 6 13 39 41 4 19 8 11 10 26 27 22 37 50 23 25 20 28 35 2 42 31 45 43 15 18 0 21 33 48 7 17 14 40 12 49 30 46 1;1474;instances/eil51.tsp;2021-10-08 22:30:09.857652;0.98;1000.0;900.0;LINEAR;1633743009824;SWAP;1000;60.0;RANDOM
25 11 48 9 27 32 20 18 39 40 23 12 33 34 19 5 6 46 17 26 28 13 45 37 44 38 1 24 50 30 22 14 43 4 16 21 0 36 7 15 10 47 42 41 29 2 3 8 49 35 31 25;1459;instances/eil51.tsp;2021-10-08 22:30:11.291177;0.98;1000.0;900.0;LINEAR;1633743011260;SWAP;1000;60.0;RANDOM
16 29 35 15 34 4 1 30 25 27 26 0 31 6 47 18 8 37 33 28 22 3 17 40 50 41 20 9 46 42 5 32 10 43 13 7 2 19 24 21 23 38 36 39 11 45 49 12 44 48 14 16;1412;instances/eil51.tsp;2021-10-08 22:37:24.071332;0.98;1000.0;900.0;LINEAR;1633743444039;SWAP;1000;60.0;RANDOM
12 37 49 41 19 34 46 39 9 10 4 40 35 26 23 17 44 48 14 20 8 47 13 33 22 1 7 30 42 6 2 28 3 18 5 27 25 36 15 0 50 11 38 24 43 29 31 21 32 45 16 12;1514;instances/eil51.tsp;2021-10-08 22:37:41.427110;0.98;1000.0;900.0;LINEAR;1633743461394;SWAP;1000;60.0;RANDOM
20 14 7 17 1 28 21 37 49 44 3 18 43 15 23 24 36 13 46 29 40 39 50 16 5 12 42 41 8 38 9 0 34 32 2 25 47 11 45 27 31 30 10 35 22 19 26 6 48 4 33 20;1436;instances/eil51.tsp;2021-10-08 22:37:42.146337;0.98;1000.0;900.0;LINEAR;1633743462115;SWAP;1000;60.0;RANDOM
50 45 33 11 5 47 28 0 6 27 9 10 2 24 16 14 43 36 42 30 23 13 31 29 8 37 25 38 18 19 1 7 21 26 4 20 22 40 41 34 44 15 35 49 39 48 12 3 17 46 32 50;1469;instances/eil51.tsp;2021-10-08 22:37:42.731685;0.98;1000.0;900.0;LINEAR;1633743462702;SWAP;1000;60.0;RANDOM
9 35 20 38 30 34 44 12 22 39 28 32 13 8 17 5 16 48 47 26 36 43 21 18 40 42 1 29 6 15 11 33 37 0 14 41 24 25 7 19 49 10 2 45 4 46 31 23 50 27 3 9;1596;instances/eil51.tsp;2021-10-08 22:37:43.397083;0.98;1000.0;900.0;LINEAR;1633743463370;SWAP;1000;60.0;RANDOM
47 31 11 24 0 1 28 3 9 20 30 34 14 48 49 10 15 26 27 25 4 43 42 16 29 8 45 5 40 6 13 46 50 23 39 22 7 2 35 12 19 17 32 44 37 18 33 36 21 38 41 47;1513;instances/eil51.tsp;2021-10-08 22:37:43.920141;0.98;1000.0;900.0;LINEAR;1633743463892;SWAP;1000;60.0;RANDOM
33 6 25 24 39 47 23 45 12 7 17 40 32 34 41 44 36 38 18 43 30 22 46 48 50 19 27 21 31 20 14 37 0 4 11 13 10 2 16 1 15 5 28 29 9 3 42 35 8 26 49 33;1483;instances/eil51.tsp;2021-10-08 22:37:44.858432;0.98;1000.0;900.0;LINEAR;1633743464827;SWAP;1000;60.0;RANDOM
19 46 39 22 14 8 33 15 44 10 43 18 12 25 3 11 1 23 31 32 7 24 0 27 40 50 17 30 41 6 26 35 2 21 28 9 29 37 16 34 13 48 42 47 4 36 20 38 45 49 5 19;1612;instances/eil51.tsp;2021-10-08 22:37:45.833495;0.98;1000.0;900.0;LINEAR;1633743465805;SWAP;1000;60.0;RANDOM
19 27 8 48 31 0 10 45 42 12 9 22 2 15 50 35 25 30 1 20 16 33 32 41 13 6 28 3 49 40 47 37 34 21 39 44 36 26 29 11 24 5 43 18 46 7 14 4 17 23 38 19;1525;instances/eil51.tsp;2021-10-08 22:37:47.047529;0.98;1000.0;900.0;LINEAR;1633743467016;SWAP;1000;60.0;RANDOM
3 5 45 26 42 35 11 30 19 20 14 24 4 32 38 36 48 49 1 27 0 31 21 15 16 12 40 22 43 41 25 18 7 29 39 50 10 23 6 46 37 34 47 9 8 2 13 44 33 28 17 3;1467;instances/eil51.tsp;2021-10-08 22:47:32.921022;0.98;1000.0;900.0;LINEAR;1633744052889;SWAP;1000;60.0;RANDOM
44 23 37 25 20 39 12 22 7 11 13 28 49 10 33 34 31 24 3 16 17 48 30 0 43 40 50 47 42 26 18 32 14 45 1 46 8 36 41 35 19 38 27 9 4 29 6 2 21 5 15 44;1506;instances/eil51.tsp;2021-10-08 22:47:33.890939;0.98;1000.0;900.0;LINEAR;1633744053861;SWAP;1000;60.0;RANDOM
17 3 16 36 14 43 41 18 40 12 24 13 5 26 0 31 10 37 4 48 8 49 15 1 28 20 33 29 9 38 32 44 11 46 50 45 47 7 25 30 27 2 19 34 35 21 6 22 23 42 39 17;530;instances/eil51.tsp;2021-10-08 22:47:37.105325;0.98;1000.0;900.0;LINEAR;1633744057073;SWAP;1000;60.0;NEAREST_N
16 36 14 43 41 18 40 12 24 13 5 26 0 31 10 37 4 48 8 49 15 1 28 20 33 29 9 38 32 44 11 46 3 17 50 45 47 7 25 30 27 2 19 34 35 21 6 22 23 42 39 16;534;instances/eil51.tsp;2021-10-08 22:47:37.926708;0.98;1000.0;900.0;LINEAR;1633744057901;SWAP;1000;60.0;NEAREST_N
2 19 34 35 27 30 7 25 6 22 23 13 24 17 3 16 36 14 43 41 18 40 12 39 46 11 45 50 26 0 31 10 37 4 48 8 49 15 1 28 20 33 29 9 38 32 44 5 47 21 42 2;552;instances/eil51.tsp;2021-10-08 22:47:38.591172;0.98;1000.0;900.0;LINEAR;1633744058564;SWAP;1000;60.0;NEAREST_N
18 40 12 24 13 5 26 0 31 10 37 4 48 8 49 15 1 28 20 33 29 9 38 32 44 14 43 36 16 3 17 46 11 45 50 47 7 25 30 27 2 19 34 35 21 6 22 23 42 41 39 18;495;instances/eil51.tsp;2021-10-08 22:47:39.182049;0.98;1000.0;900.0;LINEAR;1633744059153;SWAP;1000;60.0;NEAREST_N
15 49 8 48 4 37 10 31 0 21 27 30 7 25 6 22 23 13 24 17 3 16 36 14 43 41 18 40 12 39 46 11 45 50 26 5 47 42 1 28 20 33 29 9 38 32 44 19 34 35 2 15;544;instances/eil51.tsp;2021-10-08 22:47:39.703626;0.98;1000.0;900.0;LINEAR;1633744059676;SWAP;1000;60.0;NEAREST_N
28 20 49 8 48 4 37 10 31 0 21 27 30 7 25 6 22 23 13 24 17 3 16 36 14 43 41 18 40 12 39 46 11 45 50 26 5 47 42 1 15 33 29 9 38 32 44 19 34 35 2 28;543;instances/eil51.tsp;2021-10-08 22:47:40.226710;0.98;1000.0;900.0;LINEAR;1633744060199;SWAP;1000;60.0;NEAREST_N
50 45 11 46 3 16 36 14 43 41 18 40 12 24 13 5 26 0 31 10 37 4 48 8 49 15 1 28 20 33 29 9 38 32 44 17 23 22 6 25 7 30 27 2 19 34 35 21 47 42 39 50;555;instances/eil51.tsp;2021-10-08 22:47:40.848970;0.98;1000.0;900.0;LINEAR;1633744060818;SWAP;1000;60.0;NEAREST_N
0 31 10 37 4 48 8 49 15 1 28 20 33 29 9 38 32 44 14 43 36 16 3 17 46 11 45 50 26 5 47 7 25 30 27 2 19 34 35 21 6 22 23 13 24 12 40 18 41 39 42 0;511;instances/eil51.tsp;2021-10-08 22:47:43.421666;0.98;1000.0;900.0;LINEAR;1633744063394;SWAP;1000;60.0;NEAREST_N
37 4 48 8 49 15 1 28 20 33 29 9 38 32 44 14 43 36 16 3 17 46 11 45 50 26 0 31 10 21 27 30 7 25 6 22 23 13 24 12 40 18 41 39 5 47 42 2 19 34 35 37;530;instances/eil51.tsp;2021-10-08 22:47:44.041075;0.98;1000.0;900.0;LINEAR;1633744064012;SWAP;1000;60.0;NEAREST_N
47 5 26 0 31 10 37 4 48 8 49 15 1 28 20 33 29 9 38 32 44 14 43 36 16 3 17 46 11 45 50 13 24 12 40 18 41 39 23 22 6 25 7 30 27 2 19 34 35 21 42 47;507;instances/eil51.tsp;2021-10-08 22:47:44.707246;0.98;1000.0;900.0;LINEAR;1633744064674;SWAP;1000;60.0;NEAREST_N
45 50 11 46 3 16 36 14 43 41 18 40 12 24 13 5 26 0 31 10 37 4 48 8 49 15 1 28 20 33 29 9 38 32 44 17 23 22 6 25 7 30 27 2 19 34 35 21 47 42 39 45;557;instances/eil51.tsp;2021-10-08 22:47:45.390402;0.98;1000.0;900.0;LINEAR;1633744065345;SWAP;1000;60.0;NEAREST_N
28 20 49 8 48 4 37 10 31 0 21 27 30 7 25 6 22 23 13 24 17 3 16 36 14 43 41 18 40 12 39 46 11 45 50 26 5 47 42 1 15 33 29 9 38 32 44 19 34 35 2 28;543;instances/eil51.tsp;2021-10-08 22:47:46.147544;0.98;1000.0;900.0;LINEAR;1633744066121;SWAP;1000;60.0;NEAREST_N
14 43 36 16 3 17 46 11 45 50 26 0 31 10 37 4 48 8 49 15 1 28 20 33 29 9 38 32 44 41 18 40 12 24 13 5 47 7 25 30 27 2 19 34 35 21 6 22 23 42 39 14;515;instances/eil51.tsp;2021-10-08 22:47:47.901965;0.98;1000.0;900.0;LINEAR;1633744067873;SWAP;1000;60.0;NEAREST_N
10 31 0 21 27 30 7 25 6 22 23 13 24 17 3 16 36 14 43 41 18 40 12 39 46 11 45 50 26 5 47 42 1 15 49 8 48 4 37 9 29 33 20 28 19 34 35 2 38 32 44 10;558;instances/eil51.tsp;2021-10-08 22:47:49.271971;0.98;1000.0;900.0;LINEAR;1633744069244;SWAP;1000;60.0;NEAREST_N
6 22 23 13 24 17 3 16 36 14 43 41 18 40 12 39 46 11 45 50 26 0 31 10 37 4 48 8 49 15 1 28 20 33 29 9 38 32 44 5 47 7 25 30 27 2 19 34 35 21 42 6;512;instances/eil51.tsp;2021-10-08 22:47:50.022538;0.98;1000.0;900.0;LINEAR;1633744069992;SWAP;1000;60.0;NEAREST_N
31 0 21 27 30 7 25 6 22 23 13 24 17 3 16 36 14 43 41 18 40 12 39 46 11 45 50 26 5 47 10 37 4 48 8 49 15 1 28 20 33 29 9 38 32 44 19 34 35 2 42 31;563;instances/eil51.tsp;2021-10-08 22:47:50.570486;0.98;1000.0;900.0;LINEAR;1633744070541;SWAP;1000;60.0;NEAREST_N
13 24 17 3 16 36 14 43 41 18 40 12 39 46 11 45 50 26 0 31 10 37 4 48 8 49 15 1 28 20 33 29 9 38 32 44 5 47 7 25 30 27 2 19 34 35 21 6 22 23 42 13;512;instances/eil51.tsp;2021-10-08 22:47:51.089588;0.98;1000.0;900.0;LINEAR;1633744071061;SWAP;1000;60.0;NEAREST_N
18 40 12 24 13 5 26 0 31 10 37 4 48 8 49 15 1 28 20 33 29 9 38 32 44 14 43 36 16 3 17 46 11 45 50 47 7 25 30 27 2 19 34 35 21 6 22 23 42 41 39 18;495;instances/eil51.tsp;2021-10-08 22:47:51.627184;0.98;1000.0;900.0;LINEAR;1633744071602;SWAP;1000;60.0;NEAREST_N
48 8 49 15 1 28 20 33 29 9 38 32 44 14 43 36 16 3 17 46 11 45 50 26 0 31 10 37 4 5 47 7 25 30 27 2 19 34 35 21 6 22 23 13 24 12 40 18 41 39 42 48;549;instances/eil51.tsp;2021-10-08 22:47:52.126179;0.98;1000.0;900.0;LINEAR;1633744072100;SWAP;1000;60.0;NEAREST_N
10 31 0 21 27 30 7 25 6 22 23 13 24 17 3 16 36 14 43 41 18 40 12 39 46 11 45 50 26 5 47 42 1 15 49 8 48 4 37 9 29 33 20 28 19 34 35 2 38 32 44 10;558;instances/eil51.tsp;2021-10-08 22:47:52.610682;0.98;1000.0;900.0;LINEAR;1633744072582;SWAP;1000;60.0;NEAREST_N
30 27 2 19 34 35 28 20 49 8 48 4 37 10 31 0 21 1 15 33 29 9 38 32 44 14 43 36 16 3 17 46 11 45 50 26 5 47 7 25 6 22 23 13 24 12 40 18 41 39 42 30;496;instances/eil51.tsp;2021-10-08 22:47:53.123955;0.98;1000.0;900.0;LINEAR;1633744073093;SWAP;1000;60.0;NEAREST_N
33 49 8 48 4 37 10 31 0 21 27 30 7 25 6 22 23 13 24 17 3 16 36 14 43 41 18 40 12 39 46 11 45 50 26 5 47 42 1 15 28 20 29 9 38 32 44 19 34 35 2 33;562;instances/eil51.tsp;2021-10-08 22:47:53.660991;0.98;1000.0;900.0;LINEAR;1633744073633;SWAP;1000;60.0;NEAREST_N
34 35 2 19 28 20 49 8 48 4 37 10 31 0 21 27 30 7 25 6 22 23 13 24 17 3 16 36 14 43 41 18 40 12 39 46 11 45 50 26 5 47 42 1 15 33 29 9 38 32 44 34;544;instances/eil51.tsp;2021-10-08 22:47:54.211746;0.98;1000.0;900.0;LINEAR;1633744074186;SWAP;1000;60.0;NEAREST_N
21 0 31 10 37 4 48 8 49 15 1 28 20 33 29 9 38 32 44 14 43 36 16 3 17 46 11 45 50 26 5 47 7 25 30 27 2 19 34 35 6 22 23 13 24 12 40 18 41 39 42 21;518;instances/eil51.tsp;2021-10-08 22:47:54.697921;0.98;1000.0;900.0;LINEAR;1633744074669;SWAP;1000;60.0;NEAREST_N
11 46 3 16 36 14 43 41 18 40 12 24 13 5 26 0 31 10 37 4 48 8 49 15 1 28 20 33 29 9 38 32 44 45 50 17 23 22 6 25 7 30 27 2 19 34 35 21 47 42 39 11;556;instances/eil51.tsp;2021-10-08 22:47:55.181983;0.98;1000.0;900.0;LINEAR;1633744075152;SWAP;1000;60.0;NEAREST_N
0 31 10 37 4 48 8 49 15 1 28 20 33 29 9 38 32 44 14 43 36 16 3 17 46 11 45 50 26 5 47 7 25 30 27 2 19 34 35 21 6 22 23 13 24 12 40 18 41 39 42 0;511;instances/eil51.tsp;2021-10-08 22:47:55.649522;0.98;1000.0;900.0;LINEAR;1633744075624;SWAP;1000;60.0;NEAREST_N
13 24 17 3 16 36 14 43 41 18 40 12 39 46 11 45 50 26 0 31 10 37 4 48 8 49 15 1 28 20 33 29 9 38 32 44 5 47 7 25 30 27 2 19 34 35 21 6 22 23 42 13;512;instances/eil51.tsp;2021-10-08 22:47:56.120561;0.98;1000.0;900.0;LINEAR;1633744076093;SWAP;1000;60.0;NEAREST_N
31 0 21 27 30 7 25 6 22 23 13 24 17 3 16 36 14 43 41 18 40 12 39 46 11 45 50 26 5 47 10 37 4 48 8 49 15 1 28 20 33 29 9 38 32 44 19 34 35 2 42 31;563;instances/eil51.tsp;2021-10-08 22:47:56.560598;0.98;1000.0;900.0;LINEAR;1633744076534;SWAP;1000;60.0;NEAREST_N
31 0 21 27 30 7 25 6 22 23 13 24 17 3 16 36 14 43 41 18 40 12 39 46 11 45 50 26 5 47 10 37 4 48 8 49 15 1 28 20 33 29 9 38 32 44 19 34 35 2 42 31;563;instances/eil51.tsp;2021-10-08 22:47:57.065530;0.98;1000.0;900.0;LINEAR;1633744077040;SWAP;1000;60.0;NEAREST_N
7 25 30 27 2 19 34 35 28 20 49 8 48 4 37 10 31 0 21 1 15 33 29 9 38 32 44 14 43 36 16 3 17 46 11 45 50 26 5 47 22 6 42 23 13 24 12 40 18 41 39 7;482;instances/eil51.tsp;2021-10-08 22:47:57.706646;0.98;1000.0;900.0;LINEAR;1633744077678;SWAP;1000;60.0;NEAREST_N
34 35 2 19 28 20 49 8 48 4 37 10 31 0 21 27 30 7 25 6 22 23 13 24 17 3 16 36 14 43 41 18 40 12 39 46 11 45 50 26 5 47 42 1 15 33 29 9 38 32 44 34;544;instances/eil51.tsp;2021-10-08 22:47:58.657051;0.98;1000.0;900.0;LINEAR;1633744078631;SWAP;1000;60.0;NEAREST_N
4 37 8 48 9 29 33 49 15 1 28 20 19 34 35 2 27 30 7 25 6 22 23 13 24 17 3 16 36 14 43 41 18 40 12 39 46 11 45 50 26 0 31 10 21 47 5 42 44 32 38 4;544;instances/eil51.tsp;2021-10-08 22:47:59.253939;0.98;1000.0;900.0;LINEAR;1633744079225;SWAP;1000;60.0;NEAREST_N
8 44 32 21 23 43 40 33 9 39 42 25 0 38 29 47 11 2 34 19 5 7 10 13 36 45 18 3 16 31 24 22 46 17 49 14 20 28 30 1 41 6 26 35 48 50 12 15 27 4 37 8;1442;instances/eil51.tsp;2021-10-08 22:48:00.520025;0.98;1000.0;900.0;LINEAR;1633744080490;SWAP;1000;60.0;RANDOM
6 17 21 3 26 10 45 22 41 39 2 5 49 37 14 20 7 12 44 29 18 43 19 28 32 42 23 47 30 1 27 35 13 50 16 25 0 31 33 24 48 8 15 9 11 40 46 38 4 36 34 6;1497;instances/eil51.tsp;2021-10-08 22:48:01.456125;0.98;1000.0;900.0;LINEAR;1633744081426;SWAP;1000;60.0;RANDOM
49 25 46 28 20 3 11 36 43 24 41 17 15 9 29 38 16 2 35 22 1 50 47 27 37 10 6 33 32 44 8 4 23 34 18 7 31 14 45 40 19 42 26 30 0 5 39 12 13 48 21 49;1484;instances/eil51.tsp;2021-10-08 22:48:01.915227;0.98;1000.0;900.0;LINEAR;1633744081884;SWAP;1000;60.0;RANDOM
22 15 35 0 25 6 31 49 29 1 27 26 41 3 30 20 47 17 5 10 38 44 43 46 32 33 36 14 4 40 39 12 11 7 28 2 16 23 48 34 42 19 50 8 13 45 37 18 21 24 9 22;1484;instances/eil51.tsp;2021-10-08 22:48:02.317911;0.98;1000.0;900.0;LINEAR;1633744082288;SWAP;1000;60.0;RANDOM
44 38 4 48 31 47 39 46 30 0 50 5 35 45 22 23 27 14 29 49 28 26 6 18 25 12 43 9 3 40 17 42 13 15 10 8 32 1 20 36 24 21 7 16 34 19 37 11 2 41 33 44;1460;instances/eil51.tsp;2021-10-08 22:48:02.771829;0.98;1000.0;900.0;LINEAR;1633744082743;SWAP;1000;60.0;RANDOM
41 16 9 29 49 7 24 19 25 22 11 39 44 15 32 37 8 36 45 10 3 38 47 48 35 34 42 27 26 18 40 12 13 31 33 30 2 5 21 6 46 50 28 23 20 43 0 4 14 17 1 41;1466;instances/eil51.tsp;2021-10-08 22:48:03.210983;0.98;1000.0;900.0;LINEAR;1633744083179;SWAP;1000;60.0;RANDOM
15 5 17 38 30 34 49 23 4 44 36 19 2 46 3 40 45 42 35 33 24 39 26 48 16 18 9 29 11 31 50 14 12 22 25 41 37 32 1 10 0 47 8 21 43 13 6 7 27 20 28 15;1438;instances/eil51.tsp;2021-10-08 22:48:03.653465;0.98;1000.0;900.0;LINEAR;1633744083625;SWAP;1000;60.0;RANDOM
20 25 2 47 44 36 40 43 46 24 31 21 5 16 22 14 48 23 0 19 10 50 26 15 37 29 49 1 28 27 12 42 38 33 17 34 41 13 18 11 45 4 32 7 39 6 30 35 9 8 3 20;1513;instances/eil51.tsp;2021-10-08 22:48:04.088186;0.98;1000.0;900.0;LINEAR;1633744084059;SWAP;1000;60.0;RANDOM
4 17 27 35 47 49 8 1 6 15 45 39 5 23 36 38 41 33 21 7 25 12 16 20 29 3 32 43 48 30 9 13 42 37 40 24 0 31 28 19 22 44 18 14 11 50 46 26 2 34 10 4;1423;instances/eil51.tsp;2021-10-08 22:48:04.582558;0.98;1000.0;900.0;LINEAR;1633744084552;SWAP;1000;60.0;RANDOM
12 41 40 46 7 39 45 16 32 8 48 28 2 30 6 19 25 37 14 11 23 18 17 1 21 3 10 35 42 47 4 5 24 22 9 0 27 34 33 26 44 43 50 36 49 20 15 29 38 13 31 12;1361;instances/eil51.tsp;2021-10-08 22:48:05.065332;0.98;1000.0;900.0;LINEAR;1633744085036;SWAP;1000;60.0;RANDOM
4 32 29 23 21 27 7 31 33 6 42 30 1 45 19 16 41 5 11 35 39 50 10 48 17 47 2 26 34 9 24 14 22 25 46 43 40 12 36 20 28 15 0 13 3 44 8 49 38 37 18 4;1419;instances/eil51.tsp;2021-10-08 22:48:05.571419;0.98;1000.0;900.0;LINEAR;1633744085541;SWAP;1000;60.0;RANDOM
25 5 50 14 32 49 28 27 11 37 15 12 40 3 23 47 31 4 43 42 18 9 6 38 0 26 2 1 33 16 10 22 17 39 45 13 44 36 30 7 24 29 46 21 48 41 19 20 8 34 35 25;1432;instances/eil51.tsp;2021-10-08 22:48:06.065352;0.98;1000.0;900.0;LINEAR;1633744086034;SWAP;1000;60.0;RANDOM
35 33 34 1 21 49 25 23 22 39 18 9 16 47 31 27 43 37 45 15 26 4 8 13 40 14 38 28 6 42 36 2 30 10 24 50 11 29 0 17 41 3 12 32 48 20 5 7 46 44 19 35;1376;instances/eil51.tsp;2021-10-08 22:49:36.499519;0.98;1000.0;900.0;LINEAR;1633744176469;SWAP;1000;60.0;RANDOM
47 25 4 3 39 32 20 16 18 9 30 38 23 17 40 12 19 35 1 49 34 21 29 14 6 27 50 22 26 33 42 31 8 46 44 41 0 43 48 36 13 37 11 2 10 15 28 5 24 45 7 47;1472;instances/eil51.tsp;2021-10-08 22:49:36.967384;0.98;1000.0;900.0;LINEAR;1633744176938;SWAP;1000;60.0;RANDOM
28 18 47 50 43 14 2 1 19 30 27 10 21 39 22 15 12 45 37 20 38 26 23 17 25 34 0 46 5 31 24 4 44 11 49 7 35 13 36 42 40 33 9 3 41 16 32 29 6 8 48 28;1519;instances/eil51.tsp;2021-10-08 22:49:37.490743;0.98;1000.0;900.0;LINEAR;1633744177461;SWAP;1000;60.0;RANDOM
25 10 3 49 2 29 33 16 40 32 8 45 27 46 0 24 39 19 21 11 48 28 6 37 34 30 35 47 42 26 13 12 18 43 36 23 44 15 20 31 50 7 17 41 1 14 9 4 5 22 38 25;1466;instances/eil51.tsp;2021-10-08 22:49:38.042083;0.98;1000.0;900.0;LINEAR;1633744178010;SWAP;1000;60.0;RANDOM
44 11 5 0 31 33 41 40 13 34 32 42 22 17 6 3 45 29 12 36 37 47 26 16 39 38 49 21 43 35 19 24 23 50 9 46 25 48 4 15 27 30 8 1 28 20 18 7 2 10 14 44;1458;instances/eil51.tsp;2021-10-08 22:49:38.764642;0.98;1000.0;900.0;LINEAR;1633744178736;SWAP;1000;60.0;RANDOM
11 22 27 3 6 41 14 9 50 10 28 21 47 30 40 2 15 49 16 45 25 4 13 36 32 42 26 1 44 48 39 12 18 35 29 19 33 20 8 0 5 23 7 34 38 37 31 17 43 24 46 11;1436;instances/eil51.tsp;2021-10-08 22:49:39.345285;0.98;1000.0;900.0;LINEAR;1633744179315;SWAP;1000;60.0;RANDOM
47 13 14 15 28 20 50 5 11 17 31 37 27 26 19 10 35 49 8 0 38 16 46 45 1 44 41 6 40 29 22 25 32 42 24 33 34 23 12 30 39 18 43 21 2 7 3 9 4 48 36 47;1500;instances/eil51.tsp;2021-10-08 22:49:39.911616;0.98;1000.0;900.0;LINEAR;1633744179881;SWAP;1000;60.0;RANDOM
12 27 34 33 2 9 46 28 7 3 48 16 50 29 43 24 11 36 20 1 5 13 45 38 44 47 22 6 42 49 15 19 32 41 18 10 8 4 0 25 30 39 17 37 14 35 26 31 21 23 40 12;1377;instances/eil51.tsp;2021-10-08 22:49:40.416998;0.98;1000.0;900.0;LINEAR;1633744180387;SWAP;1000;60.0;RANDOM
40 38 33 22 26 3 31 20 27 25 21 50 34 41 19 12 32 16 37 47 42 35 0 49 2 10 30 48 44 4 9 43 1 8 45 29 5 24 23 46 39 14 18 15 6 17 11 36 28 7 13 40;1531;instances/eil51.tsp;2021-10-08 22:49:40.967241;0.98;1000.0;900.0;LINEAR;1633744180937;SWAP;1000;60.0;RANDOM
8 30 17 2 21 35 22 49 38 43 24 5 0 28 23 7 3 41 15 11 39 12 47 13 27 34 48 33 10 29 14 50 31 20 18 44 1 40 4 19 37 46 26 42 16 32 45 36 6 25 9 8;1510;instances/eil51.tsp;2021-10-08 23:26:48.678061;0.98;1000.0;900.0;LINEAR;1633746408643;SWAP;1000;60.0;RANDOM
11 50 20 29 27 5 28 32 39 26 3 7 36 43 44 8 1 40 18 4 12 35 37 9 19 38 14 13 45 49 33 25 21 6 23 24 31 17 0 15 46 48 10 34 47 30 42 22 16 2 41 11;1485;instances/eil51.tsp;2021-10-08 23:26:49.654194;0.98;1000.0;900.0;LINEAR;1633746409626;SWAP;1000;60.0;RANDOM
7 40 31 33 38 29 23 5 18 28 49 15 22 17 46 11 45 4 20 32 1 44 13 0 19 25 48 37 43 50 8 9 42 47 26 41 16 6 27 39 14 35 2 36 21 10 24 34 3 12 30 7;1539;instances/eil51.tsp;2021-10-08 23:26:50.276406;0.98;1000.0;900.0;LINEAR;1633746410249;SWAP;1000;60.0;RANDOM
2 45 32 48 36 20 49 37 19 30 11 22 41 38 18 40 26 5 10 50 12 13 31 33 39 7 17 29 9 28 27 4 23 46 0 21 6 42 47 15 14 43 24 1 16 44 8 34 25 3 35 2;1437;instances/eil51.tsp;2021-10-08 23:26:51.011117;0.98;1000.0;900.0;LINEAR;1633746410982;SWAP;1000;60.0;RANDOM
41 37 28 39 29 38 26 16 45 36 32 2 44 10 24 25 43 0 50 11 4 40 14 33 9 12 6 34 13 31 30 15 42 46 49 19 47 3 21 8 20 48 1 7 5 22 27 35 23 17 18 41;1545;instances/eil51.tsp;2021-10-08 23:26:51.762797;0.98;1000.0;900.0;LINEAR;1633746411733;SWAP;1000;60.0;RANDOM
16 36 46 37 23 43 48 8 18 25 26 12 50 40 39 44 28 32 19 35 4 0 21 47 27 31 30 7 11 10 41 45 1 5 33 9 38 29 2 15 34 20 42 14 13 3 17 22 6 24 49 16;1382;instances/eil51.tsp;2021-10-08 23:31:44.728921;0.98;1000.0;900.0;LINEAR;1633746704683;SWAP;1000;60.0;RANDOM
27 17 5 6 30 20 40 41 46 4 26 31 21 32 25 48 24 39 45 38 16 43 50 49 10 1 8 15 33 13 11 28 34 0 7 42 12 14 18 29 37 47 19 2 9 44 35 22 3 36 23 27;1441;instances/eil51.tsp;2021-10-08 23:31:45.567176;0.98;1000.0;900.0;LINEAR;1633746705529;SWAP;1000;60.0;RANDOM
2 45 27 25 15 50 26 39 30 28 44 33 8 47 1 10 21 19 23 12 13 5 37 31 11 22 4 40 38 20 32 7 0 42 16 46 18 49 29 43 3 48 6 24 17 14 41 35 36 9 34 2;1486;instances/eil51.tsp;2021-10-08 23:31:46.363740;0.98;1000.0;900.0;LINEAR;1633746706327;SWAP;1000;60.0;RANDOM
28 34 44 38 42 17 27 31 5 47 37 9 16 26 21 45 13 18 15 7 22 20 8 50 48 14 29 33 11 36 6 49 35 1 32 2 23 41 12 43 3 25 40 4 46 0 30 10 19 39 24 28;1547;instances/eil51.tsp;2021-10-08 23:31:47.068258;0.98;1000.0;900.0;LINEAR;1633746707031;SWAP;1000;60.0;RANDOM
50 46 27 6 2 28 22 44 19 11 40 17 13 42 10 12 9 38 18 31 1 35 25 37 15 26 41 20 16 14 7 49 29 33 30 5 0 48 36 47 45 34 21 23 8 3 24 43 32 39 4 50;1513;instances/eil51.tsp;2021-10-08 23:31:47.740598;0.98;1000.0;900.0;LINEAR;1633746707705;SWAP;1000;60.0;RANDOM
13 47 22 25 30 0 29 43 33 8 21 1 28 36 50 42 16 12 15 48 45 31 37 17 23 27 5 14 10 26 9 19 44 38 18 3 7 6 46 34 49 41 39 24 4 2 32 35 11 40 20 13;1502;instances/eil51.tsp;2021-10-08 23:31:48.350272;0.98;1000.0;900.0;LINEAR;1633746708317;SWAP;1000;60.0;RANDOM
8 34 41 18 49 33 43 44 5 29 50 11 17 22 36 14 7 40 46 21 13 45 39 38 47 35 9 15 0 4 25 30 23 12 26 10 20 19 48 37 28 6 2 1 32 31 42 24 16 27 3 8;1554;instances/eil51.tsp;2021-10-08 23:31:48.951618;0.98;1000.0;900.0;LINEAR;1633746708913;SWAP;1000;60.0;RANDOM
34 21 14 2 19 35 11 27 46 29 36 30 47 12 31 1 10 15 0 13 17 32 20 7 23 22 49 45 25 9 3 38 43 37 24 4 48 5 6 26 44 8 16 33 40 42 18 39 41 50 28 34;1498;instances/eil51.tsp;2021-10-08 23:31:49.625179;0.98;1000.0;900.0;LINEAR;1633746709590;SWAP;1000;60.0;RANDOM
5 37 21 18 15 2 31 28 43 42 17 23 22 6 20 19 32 46 34 3 39 24 4 26 38 9 16 27 1 35 11 50 10 8 33 29 7 30 40 12 45 36 44 47 25 41 48 14 0 49 13 5;1474;instances/eil51.tsp;2021-10-08 23:32:43.298439;0.98;1000.0;900.0;LINEAR;1633746763260;SWAP;1000;60.0;RANDOM
37 16 0 5 31 9 46 45 32 7 2 28 30 18 33 40 12 20 15 19 25 34 50 11 13 36 14 48 8 41 44 17 3 24 49 4 35 38 27 23 1 10 6 42 21 29 39 43 26 47 22 37;1474;instances/eil51.tsp;2021-10-08 23:32:44.005872;0.98;1000.0;900.0;LINEAR;1633746763971;SWAP;1000;60.0;RANDOM
39 26 49 19 11 40 13 2 21 6 36 29 9 48 24 20 15 31 37 7 30 14 16 46 8 5 44 32 10 28 1 42 23 45 35 3 50 22 33 25 12 18 34 0 27 47 4 17 41 38 43 39;1464;instances/eil51.tsp;2021-10-08 23:32:44.534892;0.98;1000.0;900.0;LINEAR;1633746764501;SWAP;1000;60.0;RANDOM
7 44 39 18 0 19 16 43 46 29 36 14 10 5 41 38 37 35 49 23 22 8 28 34 13 3 1 6 11 21 4 33 47 24 45 42 12 40 15 25 31 20 2 30 32 9 50 17 48 26 27 7;1469;instances/eil51.tsp;2021-10-08 23:32:45.015060;0.98;1000.0;900.0;LINEAR;1633746764978;SWAP;1000;60.0;RANDOM
7 30 33 17 16 8 28 20 34 18 32 19 24 26 14 36 49 48 11 44 29 5 2 13 15 42 23 37 35 12 6 22 41 38 21 47 25 31 1 4 43 40 27 10 9 3 46 45 0 50 39 7;1526;instances/eil51.tsp;2021-10-08 23:32:45.513623;0.98;1000.0;900.0;LINEAR;1633746765474;SWAP;1000;60.0;RANDOM
41 24 9 26 5 30 34 46 19 32 6 45 16 2 29 31 48 0 13 17 23 39 18 3 10 47 22 44 36 50 37 7 25 35 15 20 38 33 21 40 8 49 43 4 12 1 28 42 27 11 14 41;1465;instances/eil51.tsp;2021-10-08 23:32:46.021083;0.98;1000.0;900.0;LINEAR;1633746765983;SWAP;1000;60.0;RANDOM
4 21 26 18 46 34 20 15 19 11 14 40 17 31 12 2 47 5 36 44 24 7 25 6 43 16 38 0 29 8 28 22 41 3 37 48 1 35 45 30 42 50 9 10 23 13 39 49 33 32 27 4;1434;instances/eil51.tsp;2021-10-08 23:32:46.525250;0.98;1000.0;900.0;LINEAR;1633746766491;SWAP;1000;60.0;RANDOM
1 2 19 8 45 43 17 41 20 48 14 36 28 38 13 5 15 50 47 37 4 35 44 32 39 26 0 40 25 22 42 21 31 12 6 46 33 29 27 24 30 49 3 9 18 10 11 16 7 23 34 1;1497;instances/eil51.tsp;2021-10-08 23:32:47.334668;0.98;1000.0;900.0;LINEAR;1633746767299;SWAP;1000;60.0;RANDOM
22 18 17 30 40 2 34 35 37 44 36 0 46 24 29 27 31 25 42 47 7 10 6 5 41 43 48 28 9 21 49 14 23 1 4 8 32 38 16 12 20 11 19 13 45 33 50 26 3 39 15 22;1497;instances/eil51.tsp;2021-10-08 23:32:47.829420;0.98;1000.0;900.0;LINEAR;1633746767794;SWAP;1000;60.0;RANDOM
46 16 3 18 5 38 10 11 47 2 42 30 28 34 9 29 17 43 39 14 0 25 49 41 24 40 36 32 8 1 19 48 45 7 27 22 20 4 23 50 44 35 37 12 33 6 13 26 21 31 15 46;1447;instances/eil51.tsp;2021-10-08 23:32:48.290683;0.98;1000.0;900.0;LINEAR;1633746768254;SWAP;1000;60.0;RANDOM
31 16 9 32 18 42 5 17 39 8 46 1 26 6 27 38 47 48 11 10 33 23 3 13 36 2 4 7 30 21 29 37 43 40 25 45 34 35 20 41 14 12 0 44 50 24 22 19 49 15 28 31;1455;instances/eil51.tsp;2021-10-08 23:32:48.735989;0.98;1000.0;900.0;LINEAR;1633746768700;SWAP;1000;60.0;RANDOM
20 1 48 7 47 22 3 17 31 15 41 4 29 19 5 36 0 30 28 23 26 35 34 38 9 44 46 49 37 21 11 25 2 16 8 43 39 33 18 13 12 10 6 24 27 42 14 40 50 45 32 20;1461;instances/eil51.tsp;2021-10-08 23:32:49.214917;0.98;1000.0;900.0;LINEAR;1633746769181;SWAP;1000;60.0;RANDOM
20 28 41 49 8 45 23 30 25 29 32 21 27 14 11 34 31 42 6 18 48 16 39 9 44 2 12 17 0 50 43 37 38 40 5 13 22 1 35 36 15 3 10 26 19 33 24 4 46 47 7 20;1522;instances/eil51.tsp;2021-10-08 23:36:23.707460;0.98;1000.0;900.0;LINEAR;1633746983675;SWAP;1000;60.0;RANDOM
40 14 41 45 20 38 48 43 49 9 22 1 42 18 3 44 34 23 39 32 17 31 24 27 33 37 12 16 5 25 2 29 46 36 8 13 21 30 15 7 28 50 35 10 11 26 6 4 19 47 0 40;1575;instances/eil51.tsp;2021-10-08 23:36:24.602076;0.98;1000.0;900.0;LINEAR;1633746984574;SWAP;1000;60.0;RANDOM
49 42 34 1 29 27 35 20 33 14 38 36 6 22 31 7 10 39 41 32 19 47 0 25 18 40 12 17 30 16 13 26 43 46 44 45 9 37 24 23 2 28 3 4 50 15 8 21 48 5 11 49;1377;instances/eil51.tsp;2021-10-08 23:36:25.330694;0.98;1000.0;900.0;LINEAR;1633746985303;SWAP;1000;60.0;RANDOM
22 40 16 45 0 5 1 30 29 31 37 48 34 33 11 13 18 46 20 21 25 4 39 8 35 27 49 38 28 3 32 44 41 14 9 15 6 2 42 50 24 47 7 26 12 19 17 23 10 43 36 22;1442;instances/eil51.tsp;2021-10-08 23:37:37.422812;0.98;1000.0;900.0;LINEAR;1633747057392;SWAP;1000;60.0;RANDOM
24 17 5 29 9 44 47 49 11 46 27 43 41 38 7 32 4 12 39 48 14 21 6 23 42 30 2 35 0 8 19 20 28 34 18 15 16 37 50 1 10 31 45 13 33 26 36 3 25 22 40 24;1367;instances/eil51.tsp;2021-10-08 23:37:38.171326;0.98;1000.0;900.0;LINEAR;1633747058141;SWAP;1000;60.0;RANDOM
10 15 48 20 26 23 32 9 29 4 14 2 33 44 13 50 37 49 17 39 42 3 1 45 8 38 22 34 46 19 28 35 40 16 36 47 21 6 31 30 0 11 25 5 43 7 27 24 12 41 18 10;1447;instances/eil51.tsp;2021-10-08 23:40:02.183354;0.98;1000.0;900.0;LINEAR;1633747202151;SWAP;1000;60.0;RANDOM
12 43 25 39 36 41 3 23 44 50 19 28 6 26 29 17 0 4 1 27 5 15 38 35 24 10 48 32 9 31 30 7 34 2 42 46 37 47 20 33 49 13 21 22 8 16 40 14 45 18 11 12;1493;instances/eil51.tsp;2021-10-08 23:40:02.824799;0.98;1000.0;900.0;LINEAR;1633747202798;SWAP;1000;60.0;RANDOM
46 15 39 36 6 8 3 48 11 24 13 23 22 37 40 18 31 26 38 12 5 30 9 29 0 27 16 25 21 19 28 34 10 20 42 41 17 4 2 7 32 14 43 49 1 35 45 47 44 33 50 46;1473;instances/eil51.tsp;2021-10-08 23:40:03.498233;0.98;1000.0;900.0;LINEAR;1633747203468;SWAP;1000;60.0;RANDOM
1 0 7 10 8 9 12 6 11 5 13 2 3 4 1;3841;instances/burma14.tsp;2021-10-10 00:44:10.324301;0.98;1000.0;900.0;LINEAR;1633837450268;SWAP;1000;60.0;NEAREST_N
2 13 11 5 6 12 7 0 1 10 8 9 3 4 2;4173;instances/burma14.tsp;2021-10-10 00:44:12.541598;0.98;1000.0;900.0;LINEAR;1633837452489;SWAP;1000;60.0;NEAREST_N
7 0 1 10 8 9 12 6 11 5 13 2 3 4 7;3923;instances/burma14.tsp;2021-10-10 00:44:17.782442;0.98;1000.0;900.0;LINEAR;1633837457731;SWAP;1000;60.0;NEAREST_N
11 5 6 12 13 2 3 4 7 0 1 10 8 9 11;4201;instances/burma14.tsp;2021-10-10 00:44:19.356948;0.98;1000.0;900.0;LINEAR;1633837459305;SWAP;1000;60.0;NEAREST_N
12 6 11 5 13 2 3 4 7 0 1 10 8 9 12;3923;instances/burma14.tsp;2021-10-10 00:44:20.442236;0.98;1000.0;900.0;LINEAR;1633837460386;SWAP;1000;60.0;NEAREST_N
0 7 10 8 9 1 13 2 3 11 5 6 12 4 0;4048;instances/burma14.tsp;2021-10-10 00:44:22.691643;0.98;1000.0;900.0;LINEAR;1633837462638;SWAP;1000;60.0;NEAREST_N
0 7 10 8 9 1 13 2 3 11 5 6 12 4 0;4048;instances/burma14.tsp;2021-10-10 00:44:23.673091;0.98;1000.0;900.0;LINEAR;1633837463621;SWAP;1000;60.0;NEAREST_N
12 6 5 11 13 2 3 4 7 0 1 10 8 9 12;3910;instances/burma14.tsp;2021-10-10 00:44:24.543358;0.98;1000.0;900.0;LINEAR;1633837464489;SWAP;1000;60.0;NEAREST_N
16 36 14 43 41 18 40 12 24 13 5 26 0 31 10 37 4 48 8 49 15 1 28 20 33 29 9 38 32 44 11 46 3 17 50 45 47 7 25 30 27 2 19 34 35 21 6 22 23 42 39 16;534;instances/eil51.tsp;2021-10-10 00:44:45.422655;0.98;1000.0;900.0;LINEAR;1633837485362;SWAP;1000;60.0;NEAREST_N
33 49 8 48 4 37 10 31 0 21 27 30 7 25 6 22 23 13 24 17 3 16 36 14 43 41 18 40 12 39 46 11 45 50 26 5 47 42 1 15 28 20 29 9 38 32 44 19 34 35 2 33;562;instances/eil51.tsp;2021-10-10 00:44:47.553815;0.98;1000.0;900.0;LINEAR;1633837487497;SWAP;1000;60.0;NEAREST_N
9 48 8 49 15 1 28 20 33 29 38 32 44 14 43 36 16 3 17 46 11 45 50 26 0 31 10 37 4 5 47 7 25 30 27 2 19 34 35 21 6 22 23 13 24 12 40 18 41 39 42 9;557;instances/eil51.tsp;2021-10-10 00:44:48.616641;0.98;1000.0;900.0;LINEAR;1633837488501;SWAP;1000;60.0;NEAREST_N
0 31 10 37 4 48 8 49 15 1 28 20 33 29 9 38 32 44 14 43 36 16 3 17 46 11 45 50 26 5 47 7 25 30 27 2 19 34 35 21 6 22 23 13 24 12 40 18 41 39 42 0;511;instances/eil51.tsp;2021-10-10 00:44:52.304665;0.98;1000.0;900.0;LINEAR;1633837492250;SWAP;1000;60.0;NEAREST_N
45 50 11 46 3 16 36 14 43 41 18 40 12 24 13 5 26 0 31 10 37 4 48 8 49 15 1 28 20 33 29 9 38 32 44 17 23 22 6 25 7 30 27 2 19 34 35 21 47 42 39 45;557;instances/eil51.tsp;2021-10-10 00:44:53.384436;0.98;1000.0;900.0;LINEAR;1633837493326;SWAP;1000;60.0;NEAREST_N
27 30 7 25 6 22 23 13 24 17 3 16 36 14 43 41 18 40 12 39 46 11 45 50 26 0 31 10 37 4 48 8 49 15 1 28 20 33 29 9 38 32 44 5 47 21 2 19 34 35 42 27;555;instances/eil51.tsp;2021-10-10 00:45:01.937527;0.98;1000.0;900.0;LINEAR;1633837501883;SWAP;1000;60.0;NEAREST_N
48 8 49 15 1 28 20 33 29 9 38 32 44 14 43 36 16 3 17 46 11 45 50 26 0 31 10 37 4 5 47 7 25 30 27 2 19 34 35 21 6 22 23 13 24 12 40 18 41 39 42 48;549;instances/eil51.tsp;2021-10-10 00:45:02.847562;0.98;1000.0;900.0;LINEAR;1633837502792;SWAP;1000;60.0;NEAREST_N
3 16 36 14 43 41 18 40 12 24 13 5 26 0 31 10 37 4 48 8 49 15 1 28 20 33 29 9 38 32 44 11 46 17 50 45 47 7 25 30 27 2 19 34 35 21 6 22 23 42 39 3;531;instances/eil51.tsp;2021-10-10 00:45:03.780400;0.98;1000.0;900.0;LINEAR;1633837503724;SWAP;1000;60.0;NEAREST_N
38 9 48 8 49 15 1 28 20 33 29 37 4 11 46 3 16 36 14 43 41 18 40 12 24 13 5 26 0 31 10 45 50 17 23 22 6 25 7 30 27 2 19 34 35 21 47 42 39 44 32 38;541;instances/eil51.tsp;2021-10-10 00:45:04.805701;0.98;1000.0;900.0;LINEAR;1633837504753;SWAP;1000;60.0;NEAREST_N
18 40 12 24 13 5 26 0 31 10 37 4 48 8 49 15 1 28 20 33 29 9 38 32 44 14 43 36 16 3 17 46 11 45 50 47 7 25 30 27 2 19 34 35 21 6 22 23 42 41 39 18;495;instances/eil51.tsp;2021-10-10 00:45:06.208705;0.98;1000.0;900.0;LINEAR;1633837506153;SWAP;1000;60.0;NEAREST_N
28 20 49 8 48 4 37 10 31 0 21 27 30 7 25 6 22 23 13 24 17 3 16 36 14 43 41 18 40 12 39 46 11 45 50 26 5 47 42 1 15 33 29 9 38 32 44 19 34 35 2 28;543;instances/eil51.tsp;2021-10-10 00:45:30.719351;0.98;1000.0;900.0;LINEAR;1633837530667;SWAP;1000;60.0;NEAREST_N
7 25 30 27 2 19 34 35 28 20 49 8 48 4 37 10 31 0 21 1 15 33 29 9 38 32 44 14 43 36 16 3 17 46 11 45 50 26 5 47 22 6 42 23 13 24 12 40 18 41 39 7;482;instances/eil51.tsp;2021-10-10 00:45:31.851427;0.98;1000.0;900.0;LINEAR;1633837531798;SWAP;1000;60.0;NEAREST_N
1 0 7 10 8 9 12 6 11 5 13 2 3 4 1;3841;instances/burma14.tsp;2021-10-10 00:45:33.674630;0.98;1000.0;900.0;LINEAR;1633837533623;SWAP;1000;60.0;NEAREST_N
10 8 7 0 1 13 2 3 11 5 6 12 9 4 10;4707;instances/burma14.tsp;2021-10-10 00:45:34.801972;0.98;1000.0;900.0;LINEAR;1633837534750;SWAP;1000;60.0;NEAREST_N
10 8 7 0 1 13 2 3 11 5 6 12 9 4 10;4707;instances/burma14.tsp;2021-10-10 00:54:47.098171;0.98;1000.0;900.0;LINEAR;1633838087042;SWAP;1000;60.0;NEAREST_N
0 7 10 8 9 1 13 2 3 11 5 6 12 4 0;4048;instances/burma14.tsp;2021-10-10 00:54:48.086898;0.98;1000.0;900.0;LINEAR;1633838088028;SWAP;1000;60.0;NEAREST_N
6 12 13 2 3 11 5 4 7 0 1 10 8 9 6;4060;instances/burma14.tsp;2021-10-10 00:54:48.813658;0.98;1000.0;900.0;LINEAR;1633838088755;SWAP;1000;60.0;NEAREST_N
2 13 6 5 11 12 1 0 7 10 8 9 4 3 2;4038;instances/burma14.tsp;2021-10-10 00:54:49.573861;0.98;1000.0;900.0;LINEAR;1633838089511;SWAP;1000;60.0;NEAREST_N
10 8 7 0 1 13 2 3 11 5 6 12 9 4 10;4707;instances/burma14.tsp;2021-10-10 00:54:50.101262;0.98;1000.0;900.0;LINEAR;1633838090046;SWAP;1000;60.0;NEAREST_N
7 0 1 10 8 9 12 6 11 5 13 2 3 4 7;3923;instances/burma14.tsp;2021-10-10 00:54:50.612411;0.98;1000.0;900.0;LINEAR;1633838090554;SWAP;1000;60.0;NEAREST_N
8 10 9 0 1 7 2 3 11 13 5 6 12 4 8;4499;instances/burma14.tsp;2021-10-10 00:54:51.122887;0.98;1000.0;900.0;LINEAR;1633838091068;SWAP;1000;60.0;NEAREST_N
11 5 6 12 13 2 3 4 7 0 1 10 8 9 11;4201;instances/burma14.tsp;2021-10-10 00:54:51.638900;0.98;1000.0;900.0;LINEAR;1633838091587;SWAP;1000;60.0;NEAREST_N
7 0 1 10 8 9 12 6 11 5 13 2 3 4 7;3923;instances/burma14.tsp;2021-10-10 00:54:52.139462;0.98;1000.0;900.0;LINEAR;1633838092087;SWAP;1000;60.0;NEAREST_N
3 11 5 6 12 13 2 1 0 7 10 8 9 4 3;3877;instances/burma14.tsp;2021-10-10 00:54:52.722531;0.98;1000.0;900.0;LINEAR;1633838092666;SWAP;1000;60.0;NEAREST_N
13 2 3 11 5 6 12 7 0 1 10 8 9 4 13;4092;instances/burma14.tsp;2021-10-10 00:54:53.253913;0.98;1000.0;900.0;LINEAR;1633838093194;SWAP;1000;60.0;NEAREST_N
2 13 11 5 6 12 7 0 1 10 8 9 4 3 2;3909;instances/burma14.tsp;2021-10-10 00:54:54.232304;0.98;1000.0;900.0;LINEAR;1633838094176;SWAP;1000;60.0;NEAREST_N
2 13 11 5 6 12 7 0 1 10 8 9 3 4 2;4173;instances/burma14.tsp;2021-10-10 00:54:55.560974;0.98;1000.0;900.0;LINEAR;1633838095498;SWAP;1000;60.0;NEAREST_N
10 8 7 0 1 13 2 3 11 5 6 12 9 4 10;4707;instances/burma14.tsp;2021-10-10 00:54:56.608983;0.98;1000.0;900.0;LINEAR;1633838096555;SWAP;1000;60.0;NEAREST_N
5 11 6 12 13 2 3 4 7 0 1 10 8 9 5;4208;instances/burma14.tsp;2021-10-11 15:30:11.832688;0.98;1000.0;900.0;LINEAR;1633977011781;SWAP;1000;60.0;NEAREST_N
7 0 1 10 8 9 12 6 11 5 13 2 3 4 7;3923;instances/burma14.tsp;2021-10-11 15:30:13.428449;0.98;1000.0;900.0;LINEAR;1633977013377;SWAP;1000;60.0;NEAREST_N
3 11 5 6 12 13 2 1 0 7 10 8 9 4 3;3877;instances/burma14.tsp;2021-10-11 15:30:14.256103;0.98;1000.0;900.0;LINEAR;1633977014205;SWAP;1000;60.0;NEAREST_N
2 13 11 5 6 12 7 0 1 10 8 9 3 4 2;4173;instances/burma14.tsp;2021-10-11 15:30:15.109563;0.98;1000.0;900.0;LINEAR;1633977015059;SWAP;1000;60.0;NEAREST_N
7 0 1 10 8 9 12 6 11 5 13 2 3 4 7;3923;instances/burma14.tsp;2021-10-11 15:30:15.872310;0.98;1000.0;900.0;LINEAR;1633977015822;SWAP;1000;60.0;NEAREST_N
10 8 7 0 1 13 2 3 11 5 4 12 9 6 10;4438;instances/burma14.tsp;2021-10-11 15:52:36.427722;0.98;1000.0;900.0;LINEAR;1633978356371;SWAP;1000;60.0;NEAREST_N
11 13 2 5 6 12 7 1 0 9 8 10 3 4 11;4105;instances/burma14.tsp;2021-10-11 15:52:37.225868;0.98;1000.0;900.0;LINEAR;1633978357170;SWAP;1000;60.0;NEAREST_N
10 8 7 0 1 13 2 3 11 5 6 12 4 9 10;4080;instances/burma14.tsp;2021-10-11 15:52:37.923139;0.98;1000.0;900.0;LINEAR;1633978357870;SWAP;1000;60.0;NEAREST_N
9 8 10 7 0 1 13 2 3 11 5 6 12 4 9;4017;instances/burma14.tsp;2021-10-11 15:52:38.526599;0.98;1000.0;900.0;LINEAR;1633978358474;SWAP;1000;60.0;NEAREST_N
3 11 5 6 12 13 2 1 0 7 10 8 9 4 3;3877;instances/burma14.tsp;2021-10-11 15:52:39.226260;0.98;1000.0;900.0;LINEAR;1633978359175;SWAP;1000;60.0;NEAREST_N
10 8 7 0 1 13 5 3 4 11 6 12 2 9 10;4149;instances/burma14.tsp;2021-10-11 15:52:40.066643;0.98;1000.0;900.0;LINEAR;1633978360012;SWAP;1000;60.0;NEAREST_N
11 5 6 12 13 2 3 4 7 0 1 10 8 9 11;4201;instances/burma14.tsp;2021-10-11 15:52:40.817689;0.98;1000.0;900.0;LINEAR;1633978360764;SWAP;1000;60.0;NEAREST_N
9 8 10 7 0 1 13 2 3 4 5 6 12 11 9;3907;instances/burma14.tsp;2021-10-11 15:52:41.548058;0.98;1000.0;900.0;LINEAR;1633978361499;SWAP;1000;60.0;NEAREST_N
2 13 11 5 6 12 7 0 1 10 8 9 3 4 2;4173;instances/burma14.tsp;2021-10-11 15:52:42.216110;0.98;1000.0;900.0;LINEAR;1633978362164;SWAP;1000;60.0;NEAREST_N
3 11 5 6 12 13 2 1 0 7 10 8 9 4 3;3877;instances/burma14.tsp;2021-10-11 15:52:50.123710;0.98;1000.0;900.0;LINEAR;1633978370076;SWAP;1000;60.0;NEAREST_N
5 11 6 12 13 2 3 4 7 0 1 10 8 9 5;4208;instances/burma14.tsp;2021-10-11 15:52:51.121927;0.98;1000.0;900.0;LINEAR;1633978371070;SWAP;1000;60.0;NEAREST_N
8 10 7 1 0 9 2 3 11 5 6 12 13 4 8;4510;instances/burma14.tsp;2021-10-11 15:52:51.883484;0.98;1000.0;900.0;LINEAR;1633978371832;SWAP;1000;60.0;NEAREST_N
12 6 11 5 13 2 3 4 7 0 1 10 8 9 12;3923;instances/burma14.tsp;2021-10-11 15:52:52.561725;0.98;1000.0;900.0;LINEAR;1633978372511;SWAP;1000;60.0;NEAREST_N
6 12 13 2 3 11 5 4 7 0 1 10 8 9 6;4060;instances/burma14.tsp;2021-10-11 15:52:53.557073;0.98;1000.0;900.0;LINEAR;1633978373504;SWAP;1000;60.0;NEAREST_N
12 6 11 5 13 2 3 4 7 0 1 10 8 9 12;3923;instances/burma14.tsp;2021-10-11 15:52:57.988860;0.98;1000.0;900.0;LINEAR;1633978377938;SWAP;1000;60.0;NEAREST_N
5 11 6 12 13 2 3 4 7 0 1 10 8 9 5;4208;instances/burma14.tsp;2021-10-11 15:52:58.848586;0.98;1000.0;900.0;LINEAR;1633978378800;SWAP;1000;60.0;NEAREST_N
1 0 7 10 8 9 12 6 11 5 13 2 3 4 1;3841;instances/burma14.tsp;2021-10-11 15:52:59.662462;0.98;1000.0;900.0;LINEAR;1633978379609;SWAP;1000;60.0;NEAREST_N
48 8 49 15 1 28 20 33 29 9 38 32 44 14 43 36 16 3 17 46 11 45 50 26 0 31 10 37 4 5 47 7 25 30 27 2 19 34 35 21 6 22 23 13 24 12 40 18 41 39 42 48;549;instances/eil51.tsp;2021-10-11 15:53:03.155556;0.98;1000.0;900.0;LINEAR;1633978383092;SWAP;1000;60.0;NEAREST_N
36 16 3 17 46 11 45 50 26 0 31 10 37 4 48 8 49 15 1 28 20 33 29 9 38 32 44 14 43 41 18 40 12 24 13 5 47 7 25 30 27 2 19 34 35 21 6 22 23 42 39 36;505;instances/eil51.tsp;2021-10-11 15:53:04.056451;0.98;1000.0;900.0;LINEAR;1633978384001;SWAP;1000;60.0;NEAREST_N
7 25 30 27 2 19 34 35 28 20 49 8 48 4 37 10 31 0 21 1 15 33 29 9 38 32 44 14 43 36 16 3 17 46 11 45 50 26 5 47 22 6 42 23 13 24 12 40 18 41 39 7;482;instances/eil51.tsp;2021-10-11 15:53:05.302158;0.98;1000.0;900.0;LINEAR;1633978385248;SWAP;1000;60.0;NEAREST_N
20 28 1 15 49 8 48 4 37 10 31 0 21 27 30 7 25 6 22 23 13 24 17 3 16 36 14 43 41 18 40 12 39 46 11 45 50 26 5 47 42 2 19 34 35 33 29 9 38 32 44 20;542;instances/eil51.tsp;2021-10-11 15:53:06.443152;0.98;1000.0;900.0;LINEAR;1633978386390;SWAP;1000;60.0;NEAREST_N
45 50 11 46 3 16 36 14 43 41 18 40 12 24 13 5 26 0 31 10 37 4 48 8 49 15 1 28 20 33 29 9 38 32 44 17 23 22 6 25 7 30 27 2 19 34 35 21 47 42 39 45;557;instances/eil51.tsp;2021-10-11 15:53:07.281964;0.98;1000.0;900.0;LINEAR;1633978387224;SWAP;1000;60.0;NEAREST_N
9 8 10 7 0 1 13 2 3 11 5 6 12 4 9;4017;instances/burma14.tsp;2021-10-11 15:53:09.175086;0.98;1000.0;900.0;LINEAR;1633978389125;SWAP;1000;60.0;NEAREST_N
12 6 11 5 13 2 3 4 7 0 1 10 8 9 12;3923;instances/burma14.tsp;2021-10-11 15:55:45.937598;0.98;1000.0;900.0;LINEAR;1633978545885;SWAP;1000;60.0;NEAREST_N
2 13 11 5 6 12 7 0 1 10 8 9 3 4 2;4173;instances/burma14.tsp;2021-10-11 15:55:46.796772;0.98;1000.0;900.0;LINEAR;1633978546745;SWAP;1000;60.0;NEAREST_N
9 8 10 7 0 1 13 2 3 11 5 4 12 6 9;3745;instances/burma14.tsp;2021-10-11 15:56:15.487132;0.98;1000.0;900.0;LINEAR;1633978575434;SWAP;1000;60.0;NEAREST_N
10 8 7 9 4 13 2 3 11 5 6 12 0 1 10;4375;instances/burma14.tsp;2021-10-11 15:57:44.953368;0.98;1000.0;900.0;LINEAR;1633978664900;SWAP;1000;60.0;NEAREST_N
1 0 7 10 8 9 12 6 11 5 4 2 3 13 1;3733;instances/burma14.tsp;2021-10-11 15:57:58.574799;0.98;1000.0;900.0;LINEAR;1633978678523;SWAP;1000;60.0;NEAREST_N
11 5 6 12 13 2 3 4 7 0 1 10 8 9 11;4201;instances/burma14.tsp;2021-10-11 16:29:18.788868;0.98;1000.0;900.0;LINEAR;1633980558736;SWAP;1000;60.0;NEAREST_N
0 7 10 8 9 1 13 2 3 11 5 6 12 4 0;4048;instances/burma14.tsp;2021-10-11 16:29:19.946074;0.98;1000.0;900.0;LINEAR;1633980559896;SWAP;1000;60.0;NEAREST_N
9 0 1 6 4 12 5 3 11 2 13 7 10 8 9;4381;instances/burma14.tsp;2021-10-11 16:34:35.168550;0.98;1000.0;900.0;LINEAR;1633980875115;SWAP;1000;60.0;NEAREST_N
5 11 6 12 13 2 3 4 7 0 1 10 8 9 5;4208;instances/burma14.tsp;2021-10-11 16:34:36.272398;0.98;1000.0;900.0;LINEAR;1633980876221;SWAP;1000;60.0;NEAREST_N
7 0 1 10 8 9 12 6 11 5 13 2 3 4 7;3923;instances/burma14.tsp;2021-10-11 16:34:37.180661;0.98;1000.0;900.0;LINEAR;1633980877130;SWAP;1000;60.0;NEAREST_N
6 12 13 2 3 11 5 4 7 0 1 10 8 9 6;4060;instances/burma14.tsp;2021-10-11 16:35:32.972433;0.98;1000.0;900.0;LINEAR;1633980932920;SWAP;1000;60.0;NEAREST_N
4 5 11 6 12 13 2 3 1 0 7 10 8 9 4;4053;instances/burma14.tsp;2021-10-11 16:43:22.076426;0.98;1000.0;900.0;LINEAR;1633981402020;SWAP;1000;60.0;NEAREST_N
4 6 5 3 11 1 9 7 0 10 8 12 13 2 4;4502;instances/burma14.tsp;2021-10-11 16:45:40.912426;0.98;1000.0;900.0;LINEAR;1633981540855;SWAP;1000;60.0;NEAREST_N
9 8 10 7 0 1 13 2 3 11 5 6 12 4 9;4017;instances/burma14.tsp;2021-10-11 16:45:41.745741;0.98;1000.0;900.0;LINEAR;1633981541697;SWAP;1000;60.0;NEAREST_N
12 6 11 5 13 2 3 4 7 0 1 10 8 9 12;3923;instances/burma14.tsp;2021-10-11 16:45:43.961692;0.98;1000.0;900.0;LINEAR;1633981543905;SWAP;1000;60.0;NEAREST_N
8 10 7 0 1 13 2 3 11 5 6 12 9 4 8;4729;instances/burma14.tsp;2021-10-11 17:30:12.390252;0.98;1000.0;900.0;LINEAR;1633984212335;SWAP;1000;60.0;NEAREST_N
1 0 7 10 8 9 12 6 11 5 13 2 3 4 1;3841;instances/burma14.tsp;2021-10-11 17:37:56.698794;0.98;1000.0;900.0;LINEAR;1633984676646;SWAP;1000;60.0;NEAREST_N
0 7 10 8 9 1 13 4 3 11 5 6 12 2 0;4039;instances/burma14.tsp;2021-10-11 17:38:49.548289;0.98;1000.0;900.0;LINEAR;1633984729495;SWAP;1000;60.0;NEAREST_N
10 8 7 0 1 13 2 3 11 5 6 12 9 4 10;4707;instances/burma14.tsp;2021-10-11 17:46:24.125116;0.98;1000.0;900.0;LINEAR;1633985184070;SWAP;1000;60.0;NEAREST_N
8 9 7 0 11 6 12 2 3 4 5 13 1 10 8;4209;instances/burma14.tsp;2021-10-11 17:57:35.686457;0.98;1000.0;900.0;LINEAR;1633985855635;SWAP;1000;60.0;NEAREST_N
7 0 1 10 8 9 12 6 11 5 13 2 3 4 7;3923;instances/burma14.tsp;2021-10-11 17:57:37.490541;0.98;1000.0;900.0;LINEAR;1633985857438;SWAP;1000;60.0;NEAREST_N
0 7 10 8 9 1 13 2 3 11 5 6 12 4 0;4048;instances/burma14.tsp;2021-10-11 23:00:57.785737;0.98;1000.0;900.0;LINEAR;1634004057725;SWAP;1000;60.0;NEAREST_N
11 5 6 12 13 2 3 4 7 0 1 10 8 9 11;4201;instances/burma14.tsp;2021-10-11 23:00:59.746005;0.98;1000.0;900.0;LINEAR;1634004059697;SWAP;1000;60.0;NEAREST_N
8 9 7 0 1 13 2 3 11 5 6 12 10 4 8;4603;instances/burma14.tsp;2021-10-11 23:01:00.900557;0.98;1000.0;900.0;LINEAR;1634004060849;SWAP;1000;60.0;NEAREST_N
7 0 1 10 8 9 12 6 11 5 13 2 3 4 7;3923;instances/burma14.tsp;2021-10-11 23:01:01.726320;0.98;1000.0;900.0;LINEAR;1634004061675;SWAP;1000;60.0;NEAREST_N
11 5 6 12 13 2 3 4 7 0 1 10 8 9 11;4201;instances/burma14.tsp;2021-10-11 23:01:02.378640;0.98;1000.0;900.0;LINEAR;1634004062328;SWAP;1000;60.0;NEAREST_N
2 13 11 5 6 12 7 0 1 10 8 9 3 4 2;4173;instances/burma14.tsp;2021-10-11 23:01:02.959201;0.98;1000.0;900.0;LINEAR;1634004062908;SWAP;1000;60.0;NEAREST_N
1 0 7 10 8 9 12 6 11 5 13 2 3 4 1;3841;instances/burma14.tsp;2021-10-11 23:01:03.549527;0.98;1000.0;900.0;LINEAR;1634004063497;SWAP;1000;60.0;NEAREST_N
2 13 11 5 6 12 7 0 1 8 9 10 3 4 2;4147;instances/burma14.tsp;2021-10-11 23:01:04.167360;0.98;1000.0;900.0;LINEAR;1634004064114;SWAP;1000;60.0;NEAREST_N
11 5 6 12 13 2 3 4 7 0 1 10 8 9 11;4201;instances/burma14.tsp;2021-10-11 23:01:05.348326;0.98;1000.0;900.0;LINEAR;1634004065299;SWAP;1000;60.0;NEAREST_N
12 6 11 5 13 2 3 4 7 0 1 10 8 9 12;3923;instances/burma14.tsp;2021-10-11 23:01:05.974625;0.98;1000.0;900.0;LINEAR;1634004065923;SWAP;1000;60.0;NEAREST_N
9 8 10 7 0 1 13 2 3 11 5 6 12 4 9;4017;instances/burma14.tsp;2021-10-11 23:01:06.553594;0.98;1000.0;900.0;LINEAR;1634004066499;SWAP;1000;60.0;NEAREST_N
6 11 3 4 5 13 2 0 7 10 8 9 1 12 6;3815;instances/burma14.tsp;2021-10-11 23:01:07.079947;0.98;1000.0;900.0;LINEAR;1634004067012;SWAP;1000;60.0;NEAREST_N
0 7 10 8 9 1 13 2 3 11 5 6 12 4 0;4048;instances/burma14.tsp;2021-10-11 23:01:07.594737;0.98;1000.0;900.0;LINEAR;1634004067542;SWAP;1000;60.0;NEAREST_N
1 0 7 10 8 9 12 6 11 5 13 2 3 4 1;3841;instances/burma14.tsp;2021-10-11 23:01:08.213289;0.98;1000.0;900.0;LINEAR;1634004068164;SWAP;1000;60.0;NEAREST_N
4 5 11 6 12 13 2 3 1 0 7 10 8 9 4;4053;instances/burma14.tsp;2021-10-11 23:01:09.282457;0.98;1000.0;900.0;LINEAR;1634004069229;SWAP;1000;60.0;NEAREST_N
12 6 11 5 13 2 3 4 7 0 1 10 8 9 12;3923;instances/burma14.tsp;2021-10-11 23:01:11.168280;0.98;1000.0;900.0;LINEAR;1634004071117;SWAP;1000;60.0;NEAREST_N
11 5 6 12 13 2 3 4 7 0 1 10 8 9 11;4201;instances/burma14.tsp;2021-10-11 23:01:12.365774;0.98;1000.0;900.0;LINEAR;1634004072315;SWAP;1000;60.0;NEAREST_N
12 6 13 2 3 11 5 4 7 1 0 10 8 9 12;3895;instances/burma14.tsp;2021-10-11 23:01:15.671208;0.98;1000.0;900.0;LINEAR;1634004075615;SWAP;1000;60.0;NEAREST_N
12 6 11 5 13 2 3 4 7 0 1 10 8 9 12;3923;instances/burma14.tsp;2021-10-16 23:34:55.981351;0.98;1000.0;900.0;LINEAR;1634438095929;SWAP;1000;60.0;NEAREST_N
12 6 11 5 13 2 3 4 7 0 1 10 8 9 12;3923;instances/burma14.tsp;2021-10-16 23:35:34.179248;0.98;1000.0;900.0;LINEAR;1634438134134;SWAP;1000;60.0;NEAREST_N
4 6 7 9 8 12 10 1 2 5 0 3 13 11 4;5616;instances/burma14.tsp;2021-10-16 23:35:49.523568;0.98;1000.0;900.0;GEOMETRIC;1634438149508;SWAP;1000;3.0;RANDOM
4 8 11 3 6 12 7 1 10 9 13 5 0 2 4;6339;instances/burma14.tsp;2021-10-16 23:35:57.130209;0.98;1000.0;900.0;GEOMETRIC;1634438157117;SWAP;1000;3.0;RANDOM
7 2 13 3 4 5 11 0 6 12 9 1 10 8 7;4687;instances/burma14.tsp;2021-10-16 23:36:14.601856;0.98;1000.0;900.0;LINEAR;1634438174568;SWAP;1000;3.0;RANDOM
37 4 48 8 49 15 1 28 20 33 29 9 38 32 44 14 43 36 16 3 17 46 11 45 50 26 0 31 10 21 27 30 7 25 6 22 23 13 24 12 40 18 41 39 5 47 42 2 19 34 35 37;530;instances/eil51.tsp;2021-10-16 23:37:46.155244;0.98;1000.0;900.0;GEOMETRIC;1634438266139;SWAP;1000;3.0;NEAREST_N
11 46 3 16 36 14 43 41 18 40 12 24 13 5 26 0 31 10 37 4 48 8 49 15 1 28 20 33 29 9 38 32 44 45 50 17 23 22 6 25 7 30 27 2 19 34 35 21 47 42 39 11;556;instances/eil51.tsp;2021-10-16 23:37:50.173452;0.98;1000.0;900.0;GEOMETRIC;1634438270154;SWAP;1000;3.0;NEAREST_N
34 35 2 19 28 20 49 8 48 4 37 10 31 0 21 27 30 7 25 6 22 23 13 24 17 3 16 36 14 43 41 18 40 12 39 46 11 45 50 26 5 47 42 1 15 33 29 9 38 32 44 34;544;instances/eil51.tsp;2021-10-16 23:37:53.709273;0.98;1000.0;900.0;GEOMETRIC;1634438273694;SWAP;1000;3.0;NEAREST_N
42 6 22 23 13 24 17 3 16 36 14 43 41 18 40 12 39 46 11 45 50 26 0 31 10 37 4 48 8 49 15 1 28 20 33 29 9 38 32 44 5 47 7 25 30 27 2 19 34 35 21 42;512;instances/eil51.tsp;2021-10-16 23:37:56.332563;0.98;1000.0;900.0;GEOMETRIC;1634438276318;SWAP;1000;3.0;NEAREST_N
5 11 6 12 13 2 3 4 7 0 1 10 8 9 5;4208;instances/burma14.tsp;2021-10-16 23:38:25.203788;0.98;1000.0;900.0;LINEAR;1634438305152;SWAP;1000;60.0;NEAREST_N
12 7 0 8 9 10 1 5 11 13 3 2 6 4 12;4430;instances/burma14.tsp;2021-10-16 23:40:25.926211;0.98;1000.0;900.0;LINEAR;1634438425864;SWAP;1000;60.0;NEAREST_N
0 7 10 8 9 1 13 2 3 11 5 6 12 4 0;4048;instances/burma14.tsp;2021-10-16 23:40:42.688563;0.98;1000.0;900.0;LINEAR;1634438442641;SWAP;1000;60.0;NEAREST_N
7 0 1 10 8 9 12 6 11 5 13 2 3 4 7;3923;instances/burma14.tsp;2021-10-16 23:40:45.913823;0.98;1000.0;900.0;LINEAR;1634438445862;SWAP;1000;60.0;NEAREST_N
7 0 1 10 8 9 12 6 11 5 13 2 3 4 7;3923;instances/burma14.tsp;2021-10-16 23:40:58.415605;0.98;1000.0;900.0;LINEAR;1634438458372;SWAP;1000;60.0;NEAREST_N
10 8 9 7 1 0 6 12 11 5 3 13 2 4 10;4425;instances/burma14.tsp;2021-10-16 23:45:00.007734;0.98;1000.0;900.0;LINEAR;1634438699951;SWAP;1000;60.0;NEAREST_N
8 10 7 0 1 13 2 3 11 5 6 12 9 4 8;4729;instances/burma14.tsp;2021-10-16 23:45:38.141565;0.98;1000.0;900.0;LINEAR;1634438738093;SWAP;1000;60.0;NEAREST_N
8 10 9 0 1 13 2 3 11 5 6 12 7 4 8;4497;instances/burma14.tsp;2021-10-16 23:49:38.008768;0.98;1000.0;900.0;LINEAR;1634438977957;SWAP;1000;60.0;NEAREST_N
2 13 11 5 6 12 7 0 1 10 8 9 3 4 2;4173;instances/burma14.tsp;2021-10-16 23:50:47.632129;0.98;1000.0;900.0;LINEAR;1634439047558;SWAP;1000;60.0;NEAREST_N
7 0 1 10 8 9 12 6 11 5 13 2 3 4 7;3923;instances/burma14.tsp;2021-10-17 00:00:45.794482;0.98;1000.0;900.0;LINEAR;1634439645695;SWAP;1000;60.0;NEAREST_N
3 11 5 6 12 13 2 1 0 7 10 8 9 4 3;3877;instances/burma14.tsp;2021-10-17 00:00:50.502820;0.98;1000.0;900.0;LINEAR;1634439650398;SWAP;1000;60.0;NEAREST_N
3 4 11 13 7 1 2 12 10 9 0 8 6 5 3;4639;instances/burma14.tsp;2021-10-17 00:02:03.612354;0.98;1000.0;900.0;LINEAR;1634439723497;SWAP;1000;60.0;NEAREST_N
9 8 10 7 0 1 13 2 3 11 5 6 12 4 9;4017;instances/burma14.tsp;2021-10-17 00:03:04.219622;0.98;1000.0;900.0;LINEAR;1634439784116;SWAP;1000;60.0;NEAREST_N
6 12 13 2 3 11 5 4 7 0 1 10 8 9 6;4060;instances/burma14.tsp;2021-10-17 12:36:35.888820;0.98;1000.0;900.0;LINEAR;1634484995769;SWAP;1000;60.0;NEAREST_N
11 5 6 12 13 2 3 4 7 0 1 10 8 9 11;4201;instances/burma14.tsp;2021-10-17 12:36:40.281793;0.98;1000.0;900.0;LINEAR;1634485000178;SWAP;1000;60.0;NEAREST_N
1 0 7 10 8 9 12 6 11 5 13 2 3 4 1;3841;instances/burma14.tsp;2021-10-17 12:36:46.062740;0.98;1000.0;900.0;LINEAR;1634485005962;SWAP;1000;60.0;NEAREST_N
4 5 11 6 12 13 2 3 1 0 7 10 8 9 4;4053;instances/burma14.tsp;2021-10-17 12:36:47.549960;0.98;1000.0;900.0;LINEAR;1634485007442;SWAP;1000;60.0;NEAREST_N
11 5 6 12 13 2 3 4 7 0 1 10 8 9 11;4201;instances/burma14.tsp;2021-10-17 12:36:48.846255;0.98;1000.0;900.0;LINEAR;1634485008743;SWAP;1000;60.0;NEAREST_N
5 11 6 12 13 2 3 4 7 0 1 10 8 9 5;4208;instances/burma14.tsp;2021-10-17 12:38:16.389799;0.98;1000.0;900.0;LINEAR;1634485096290;SWAP;1000;60.0;NEAREST_N
4 5 11 6 12 13 2 3 1 0 7 10 8 9 4;4053;instances/burma14.tsp;2021-10-17 12:38:17.922021;0.98;1000.0;900.0;LINEAR;1634485097817;SWAP;1000;60.0;NEAREST_N
12 6 11 5 13 2 3 4 7 0 1 10 8 9 12;3923;instances/burma14.tsp;2021-10-17 13:01:40.136807;0.98;1000.0;900.0;LINEAR;1634486500035;SWAP;1000;60.0;NEAREST_N
11 5 6 12 13 2 3 4 7 0 1 10 8 9 11;4201;instances/burma14.tsp;2021-10-17 13:01:42.136240;0.98;1000.0;900.0;LINEAR;1634486502033;SWAP;1000;60.0;NEAREST_N
1 0 7 10 8 9 12 6 11 5 13 2 3 4 1;3841;instances/burma14.tsp;2021-10-17 13:01:46.439966;0.98;1000.0;900.0;LINEAR;1634486506339;SWAP;1000;60.0;NEAREST_N
4 5 11 6 12 13 2 3 1 0 7 10 8 9 4;4053;instances/burma14.tsp;2021-10-17 13:02:06.356651;0.98;1000.0;900.0;LINEAR;1634486526256;SWAP;1000;60.0;NEAREST_N
2 13 11 5 6 12 7 0 1 10 8 9 3 4 2;4173;instances/burma14.tsp;2021-10-17 13:49:20.786165;0.98;1000.0;900.0;LINEAR;1634489360698;SWAP;1000;60.0;NEAREST_N
2 13 11 5 6 12 7 0 1 10 8 9 3 4 2;4173;instances/burma14.tsp;2021-10-17 15:04:46.827343;0.98;1000.0;900.0;LINEAR;1634493886741;SWAP;1000;60.0;NEAREST_N
7 8 9 0 1 10 2 13 11 5 6 4 3 12 7;4279;instances/burma14.tsp;2021-10-17 15:04:48.633325;0.98;1000.0;900.0;LINEAR;1634493888541;SWAP;1000;60.0;NEAREST_N
6 12 13 2 3 11 5 4 7 0 1 10 8 9 6;4060;instances/burma14.tsp;2021-10-18 13:35:26.291144;0.98;1000.0;900.0;LINEAR;1634574926183;SWAP;1000;60.0;NEAREST_N
6 12 7 0 1 8 9 10 3 5 11 4 13 2 6;4279;instances/burma14.tsp;2021-10-18 13:46:33.798074;0.98;1000.0;900.0;LINEAR;1634575593698;SWAP;1000;60.0;NEAREST_N
13 2 3 11 5 6 12 7 0 1 10 8 9 4 13;4092;instances/burma14.tsp;2021-10-18 13:46:41.871825;0.98;1000.0;900.0;LINEAR;1634575601775;SWAP;1000;60.0;NEAREST_N
50 45 11 46 3 16 36 14 43 41 18 40 12 24 13 5 26 0 31 10 37 4 48 8 49 15 1 28 20 33 29 9 38 32 44 17 23 22 6 25 7 30 27 2 19 34 35 21 47 42 39 50;555;instances/eil51.tsp;2021-10-18 13:51:25.482351;0.98;1000.0;900.0;GEOMETRIC;1634575872602;SWAP;1000;3.0;NEAREST_N
33 49 8 48 4 37 10 31 0 21 27 30 7 25 6 22 23 13 24 17 3 16 36 14 43 41 18 40 12 39 46 11 45 50 26 5 47 42 1 15 28 20 29 9 38 32 44 19 34 35 2 33;562;instances/eil51.tsp;2021-10-18 13:51:40.643539;0.98;1000.0;900.0;GEOMETRIC;1634575900629;SWAP;1000;3.0;NEAREST_N
43 14 36 16 3 17 46 11 45 50 26 0 31 10 37 4 48 8 49 15 1 28 20 33 29 9 38 32 44 41 18 40 12 24 13 5 47 7 25 30 27 2 19 34 35 21 6 22 23 42 39 43;509;instances/eil51.tsp;2021-10-18 13:51:59.435803;0.98;1000.0;900.0;LINEAR;1634575919402;SWAP;1000;3.0;NEAREST_N
21 0 31 10 37 4 48 8 49 15 1 28 20 33 29 9 38 32 44 14 43 36 16 3 17 46 11 45 50 26 5 47 7 25 30 27 2 19 34 35 6 22 23 13 24 12 40 18 41 39 42 21;518;instances/eil51.tsp;2021-10-18 13:53:03.979625;0.98;1000.0;900.0;LINEAR;1634575983950;SWAP;1000;3.0;NEAREST_N
35 34 19 2 27 30 7 25 6 22 23 13 24 17 3 16 36 14 43 41 18 40 12 39 46 11 45 50 26 0 31 10 37 4 48 8 49 15 1 28 20 33 29 9 38 32 44 5 47 21 42 35;552;instances/eil51.tsp;2021-10-18 13:53:17.354227;0.98;1000.0;900.0;LINEAR;1634575997325;SWAP;1000;3.0;NEAREST_N
47 5 26 0 31 10 37 4 48 8 49 15 1 28 20 33 29 9 38 32 44 14 43 36 16 3 17 46 11 45 50 13 24 12 40 18 41 39 23 22 6 25 7 30 27 2 19 34 35 21 42 47;507;instances/eil51.tsp;2021-10-18 13:53:27.657235;0.98;1000.0;900.0;LINEAR;1634576007627;SWAP;1000;3.0;NEAREST_N
12 40 18 41 43 14 36 16 3 17 46 11 45 50 26 0 31 10 37 4 48 8 49 15 1 28 20 33 29 9 38 32 44 39 24 13 5 47 7 25 30 27 2 19 34 35 21 6 22 23 42 12;508;instances/eil51.tsp;2021-10-18 13:53:34.108887;0.98;1000.0;900.0;LINEAR;1634576014080;SWAP;1000;3.0;NEAREST_N
46 11 45 50 26 0 31 10 37 4 48 8 49 15 1 28 20 33 29 9 38 32 44 14 43 36 16 3 17 13 24 12 40 18 41 39 5 47 7 25 30 27 2 19 34 35 21 6 22 23 42 46;503;instances/eil51.tsp;2021-10-18 13:55:10.617446;0.98;1000.0;900.0;LINEAR;1634576110585;SWAP;1000;3.0;NEAREST_N
9 48 8 49 15 1 28 20 33 29 38 32 44 14 43 36 16 3 17 46 11 45 50 26 0 31 10 37 4 5 47 7 25 30 27 2 19 34 35 21 6 22 23 13 24 12 40 18 41 39 42 9;557;instances/eil51.tsp;2021-10-18 13:55:31.698729;0.98;1000.0;900.0;LINEAR;1634576131670;SWAP;1000;3.0;NEAREST_N
47 5 26 0 31 10 37 4 48 8 49 15 1 28 20 33 29 9 38 32 44 14 43 36 16 3 17 46 11 45 50 13 24 12 40 18 41 39 23 22 6 25 7 30 27 2 19 34 35 21 42 47;507;instances/eil51.tsp;2021-10-18 13:55:48.864054;0.98;1000.0;900.0;LINEAR;1634576148831;SWAP;1000;3.0;NEAREST_N
43 14 36 16 3 17 46 11 45 50 26 0 31 10 37 4 48 8 49 15 1 28 20 33 29 9 38 32 44 41 18 40 12 24 13 5 47 7 25 30 27 2 19 34 35 21 6 22 23 42 39 43;509;instances/eil51.tsp;2021-10-18 13:56:14.626977;0.98;1000.0;900.0;LINEAR;1634576174595;SWAP;1000;3.0;NEAREST_N
43 14 36 16 3 17 46 11 45 50 26 0 31 10 37 4 48 8 49 15 1 28 20 33 29 9 38 32 44 41 18 40 12 24 13 5 47 7 25 30 27 2 19 34 35 21 6 22 23 42 39 43;509;instances/eil51.tsp;2021-10-18 13:56:20.098881;0.98;1000.0;900.0;LINEAR;1634576180071;SWAP;1000;3.0;NEAREST_N
44 14 43 36 16 3 17 46 11 45 50 26 0 31 10 37 4 48 8 49 15 1 28 20 33 29 9 38 32 41 18 40 12 24 13 5 47 7 25 30 27 2 19 34 35 21 6 22 23 42 39 44;523;instances/eil51.tsp;2021-10-18 14:04:46.295063;0.98;1000.0;900.0;LINEAR;1634576686263;SWAP;1000;3.0;NEAREST_N
0 31 10 37 4 48 8 49 15 1 28 20 33 29 9 38 32 44 14 43 36 16 3 17 46 11 45 50 26 5 47 7 25 30 27 2 19 34 35 21 6 22 23 13 24 12 40 18 41 39 42 0;511;instances/eil51.tsp;2021-10-18 14:05:15.429481;0.98;1000.0;900.0;LINEAR;1634576715402;SWAP;1000;3.0;NEAREST_N
0 7 10 8 9 1 13 2 3 4 5 6 11 12 0;3716;instances/burma14.tsp;2021-10-18 23:05:59.663460;0.98;1000.0;900.0;LINEAR;1634609159607;SWAP;1000;60.0;NEAREST_N
4 5 11 6 12 13 2 3 1 0 7 10 8 9 4;4053;instances/burma14.tsp;2021-10-18 23:06:05.606939;0.98;1000.0;900.0;LINEAR;1634609165550;SWAP;1000;60.0;NEAREST_N
1 0 7 10 8 9 12 6 11 5 13 2 3 4 1;3841;instances/burma14.tsp;2021-10-18 23:06:07.503768;0.98;1000.0;900.0;LINEAR;1634609167453;SWAP;1000;60.0;NEAREST_N
3 11 5 6 12 13 2 1 0 7 10 8 9 4 3;3877;instances/burma14.tsp;2021-10-18 23:06:09.452835;0.98;1000.0;900.0;LINEAR;1634609169399;SWAP;1000;60.0;NEAREST_N
6 12 13 2 3 11 5 4 7 0 1 10 8 9 6;4060;instances/burma14.tsp;2021-10-18 23:28:39.157793;0.98;1000.0;900.0;LINEAR;1634610519110;SWAP;1000;60.0;NEAREST_N
12 6 11 5 13 2 3 4 7 0 1 10 8 9 12;3923;instances/burma14.tsp;2021-10-18 23:28:44.732879;0.98;1000.0;900.0;LINEAR;1634610524683;SWAP;1000;60.0;NEAREST_N
7 0 1 10 8 9 12 6 11 5 13 2 3 4 7;3923;instances/burma14.tsp;2021-10-18 23:28:46.769989;0.98;1000.0;900.0;LINEAR;1634610526722;SWAP;1000;60.0;NEAREST_N
3 11 5 6 12 13 2 1 0 7 10 8 9 4 3;3877;instances/burma14.tsp;2021-10-18 23:28:48.408173;0.98;1000.0;900.0;LINEAR;1634610528360;SWAP;1000;60.0;NEAREST_N
9 8 10 7 0 1 13 2 3 11 5 6 12 4 9;4017;instances/burma14.tsp;2021-10-18 23:30:48.366767;0.98;1000.0;900.0;LINEAR;1634610648322;SWAP;1000;60.0;NEAREST_N
7 0 1 10 8 9 12 6 11 5 13 2 3 4 7;3923;instances/burma14.tsp;2021-10-18 23:30:51.934864;0.98;1000.0;900.0;LINEAR;1634610651889;SWAP;1000;60.0;NEAREST_N
12 6 11 5 13 2 3 4 7 0 1 10 8 9 12;3923;instances/burma14.tsp;2021-10-18 23:30:53.054794;0.98;1000.0;900.0;LINEAR;1634610653005;SWAP;1000;60.0;NEAREST_N
8 10 9 0 1 13 2 3 11 5 6 12 7 4 8;4497;instances/burma14.tsp;2021-10-18 23:30:54.396871;0.98;1000.0;900.0;LINEAR;1634610654296;SWAP;1000;60.0;NEAREST_N
6 12 13 2 3 11 5 4 7 0 1 10 8 9 6;4060;instances/burma14.tsp;2021-10-18 23:30:56.190473;0.98;1000.0;900.0;LINEAR;1634610656143;SWAP;1000;60.0;NEAREST_N
1 0 7 10 8 9 12 6 11 5 4 2 3 13 1;3733;instances/burma14.tsp;2021-10-18 23:30:57.876359;0.98;1000.0;900.0;LINEAR;1634610657823;SWAP;1000;60.0;NEAREST_N
2 13 11 5 6 12 7 0 1 10 8 9 3 4 2;4173;instances/burma14.tsp;2021-10-18 23:30:59.295239;0.98;1000.0;900.0;LINEAR;1634610659246;SWAP;1000;60.0;NEAREST_N
7 0 1 10 8 9 12 6 11 5 13 2 3 4 7;3923;instances/burma14.tsp;2021-10-18 23:31:01.037855;0.98;1000.0;900.0;LINEAR;1634610660991;SWAP;1000;60.0;NEAREST_N
5 11 6 12 13 2 3 4 7 0 1 10 8 9 5;4208;instances/burma14.tsp;2021-10-18 23:31:02.260089;0.98;1000.0;900.0;LINEAR;1634610662209;SWAP;1000;60.0;NEAREST_N
6 12 13 2 3 11 5 4 7 0 1 10 8 9 6;4060;instances/burma14.tsp;2021-10-18 23:31:03.966499;0.98;1000.0;900.0;LINEAR;1634610663921;SWAP;1000;60.0;NEAREST_N
10 8 7 0 1 13 2 3 11 5 6 12 9 4 10;4707;instances/burma14.tsp;2021-10-18 23:31:05.531207;0.98;1000.0;900.0;LINEAR;1634610665482;SWAP;1000;60.0;NEAREST_N
10 8 7 0 1 13 2 3 11 5 6 12 9 4 10;4707;instances/burma14.tsp;2021-10-18 23:31:06.762076;0.98;1000.0;900.0;LINEAR;1634610666716;SWAP;1000;60.0;NEAREST_N
9 8 10 7 0 1 13 2 3 11 5 12 6 4 9;4012;instances/burma14.tsp;2021-10-18 23:31:07.763277;0.98;1000.0;900.0;LINEAR;1634610667716;SWAP;1000;60.0;NEAREST_N
9 8 10 7 0 1 13 2 3 11 5 12 6 4 9;4012;instances/burma14.tsp;2021-10-18 23:31:08.594125;0.98;1000.0;900.0;LINEAR;1634610668546;SWAP;1000;60.0;NEAREST_N
13 2 3 11 5 6 12 7 0 1 10 8 9 4 13;4092;instances/burma14.tsp;2021-10-18 23:31:10.955994;0.98;1000.0;900.0;LINEAR;1634610670906;SWAP;1000;60.0;NEAREST_N
16 36 14 43 41 18 40 12 24 13 5 26 0 31 10 37 4 48 8 49 15 1 28 20 33 29 9 38 32 44 11 46 3 17 50 45 47 7 25 30 27 2 19 34 35 21 6 22 23 42 39 16;534;instances/eil51.tsp;2021-10-18 23:31:34.590522;0.98;1000.0;900.0;LINEAR;1634610694539;SWAP;1000;60.0;NEAREST_N
19 34 35 2 27 30 7 25 6 22 23 13 24 17 3 16 36 14 43 41 18 40 12 39 46 11 45 50 26 0 31 10 37 4 48 8 49 15 1 28 20 33 29 9 38 32 44 5 47 21 42 19;550;instances/eil51.tsp;2021-10-18 23:31:38.964895;0.98;1000.0;900.0;LINEAR;1634610698912;SWAP;1000;60.0;NEAREST_N
0 1 2 3 4 5 6 7 8 9 10 11 12 13 0;4562;instances/burma14.tsp;2021-10-18 23:33:32.382670;0.98;1000.0;900.0;GEOMETRIC;1634610812371;SWAP;1000;60.0;DETERMINISTIC
0 1 2 3 4 5 6 7 8 9 10 11 12 13 0;4562;instances/burma14.tsp;2021-10-18 23:33:46.312618;0.98;1000.0;900.0;LINEAR;1634610826280;SWAP;1000;60.0;DETERMINISTIC
10 31 0 21 27 30 7 25 6 22 23 13 24 17 3 16 36 14 43 41 18 40 12 39 46 11 45 50 26 5 47 42 1 15 49 8 48 4 37 9 29 33 20 28 19 34 35 2 38 32 44 10;558;instances/eil51.tsp;2021-10-20 16:25:57.169564;0.98;1000.0;900.0;LINEAR;1634757957103;SWAP;1000;60.0;NEAREST_N
34 35 2 19 28 20 49 8 48 4 37 10 31 0 21 27 30 7 25 6 22 23 13 24 17 3 16 36 14 43 41 18 40 12 39 46 11 45 50 26 5 47 42 1 15 33 29 9 38 32 44 34;544;instances/eil51.tsp;2021-10-20 16:26:02.363996;0.98;1000.0;900.0;LINEAR;1634757962314;SWAP;1000;60.0;NEAREST_N
34 35 2 19 28 20 49 8 48 4 37 10 31 0 21 27 30 7 25 6 22 23 13 24 17 3 16 36 14 43 41 18 40 12 39 46 11 45 50 26 5 47 42 1 15 33 29 9 38 32 44 34;544;instances/eil51.tsp;2021-10-20 16:26:07.870096;0.98;1000.0;900.0;LINEAR;1634757967822;SWAP;1000;60.0;NEAREST_N
